Key	Type	Desc	English	German	Japanese	Korean	Spanish	Chinese	(Simplified)	Thai
Emotes/MOD_RailLogistics:Crowbar_NothingSelected	Text	Nothing is selected!	Nothing is selected!	Nothing is selected!	Nothing is selected!	Nothing is selected!	Nothing is selected!	Nothing is selected!	Nothing is selected!	Nothing is selected!
Emotes/MOD_RailLogistics:Crowbar_LinkSame	Text	Can't attach minecart to itself!	Can't attach minecart to itself!	Can't attach minecart to itself!	Can't attach minecart to itself!	Can't attach minecart to itself!	Can't attach minecart to itself!	Can't attach minecart to itself!	Can't attach minecart to itself!	Can't attach minecart to itself!
Emotes/MOD_RailLogistics:Crowbar_LinkStarted	Text	Parent minecart is selected!	Parent minecart is selected!	Parent minecart is selected!	Parent minecart is selected!	Parent minecart is selected!	Parent minecart is selected!	Parent minecart is selected!	Parent minecart is selected!	Parent minecart is selected!
Emotes/MOD_RailLogistics:Crowbar_LinkEnded	Text	Minecarts are linked!	Minecarts are linked!	Minecarts are linked!	Minecarts are linked!	Minecarts are linked!	Minecarts are linked!	Minecarts are linked!	Minecarts are linked!	Minecarts are linked!
RailLogistics/LocomotiveTitle	Text	Locomotive	Locomotive	Locomotive	Locomotive	Locomotive	Locomotive	Locomotive	Locomotive	Locomotive
RailLogistics/LocomotiveSpeedControl	Text	Target Speed	Target Speed	Target Speed	Target Speed	Target Speed	Target Speed	Target Speed	Target Speed	Target Speed
RailLogistics/FuelSlotDesc	Text	Fuel Slot	Fuel Slot	Fuel Slot	Fuel Slot	Fuel Slot	Fuel Slot	Fuel Slot	Fuel Slot	Fuel Slot
RailLogistics/HoverBackwardButtonDesc	Text	Backwards	Backwards	Backwards	Backwards	Backwards	Backwards	Backwards	Backwards	Backwards
RailLogistics/HoverStopButtonDesc	Text	Stop	Stop	Stop	Stop	Stop	Stop	Stop	Stop	Stop
RailLogistics/HoverForwardButtonDesc	Text	Forwards	Forwards	Forwards	Forwards	Forwards	Forwards	Forwards	Forwards	Forwards
RailLogistics/HoverFastForwardButtonDesc	Text	2x Forwards	2x Forwards	2x Forwards	2x Forwards	2x Forwards	2x Forwards	2x Forwards	2x Forwards	2x Forwards
